train_score,valid_score,train_mean,valid_mean
0.7604790419161677,0.8452380952380952,0.7775207793368486,0.777653471026965
0.7844311377245509,0.75,0.7775207793368486,0.777653471026965
0.7664670658682635,0.8214285714285714,0.7775207793368486,0.777653471026965
0.7820895522388059,0.7590361445783133,0.7775207793368486,0.777653471026965
0.7940298507462686,0.7108433734939759,0.7775207793368486,0.777653471026965
