train_score,valid_score,train_mean,valid_mean
0.7754491017964071,0.7380952380952381,0.7679363660738224,0.7678427997705105
0.7574850299401198,0.8095238095238095,0.7679363660738224,0.7678427997705105
0.7634730538922155,0.7857142857142857,0.7679363660738224,0.7678427997705105
0.7761194029850746,0.7349397590361446,0.7679363660738224,0.7678427997705105
0.7671641791044777,0.7710843373493976,0.7679363660738224,0.7678427997705105
