train_score,valid_score,train_mean,valid_mean
0.7544910179640718,0.7738095238095238,0.7583698275091607,0.758318990246701
0.7514970059880239,0.7857142857142857,0.7583698275091607,0.758318990246701
0.7514970059880239,0.7857142857142857,0.7583698275091607,0.758318990246701
0.7731343283582089,0.6987951807228916,0.7583698275091607,0.758318990246701
0.7611940298507462,0.7469879518072289,0.7583698275091607,0.758318990246701
