train_score,valid_score,train_mean,valid_mean
0.7485029940119761,0.8333333333333334,0.7655554562516758,0.7656339644291451
0.7724550898203593,0.7380952380952381,0.7655554562516758,0.7656339644291451
0.7874251497005988,0.6785714285714286,0.7655554562516758,0.7656339644291451
0.7791044776119403,0.7108433734939759,0.7655554562516758,0.7656339644291451
0.7402985074626866,0.8674698795180723,0.7655554562516758,0.7656339644291451
