train_score,valid_score,train_mean,valid_mean
0.7964071856287425,0.7380952380952381,0.7846974707301815,0.7848250143430867
0.7784431137724551,0.8095238095238095,0.7846974707301815,0.7848250143430867
0.781437125748503,0.7976190476190477,0.7846974707301815,0.7848250143430867
0.7880597014925373,0.7710843373493976,0.7846974707301815,0.7848250143430867
0.7791044776119403,0.8072289156626506,0.7846974707301815,0.7848250143430867
